{
    "GL-F2CH8VF1": {
        "user_id": 6416481890,
        "username": "Gudumanhu"
    },
    "GL-DYR93QOY": {
        "user_id": 7670738203,
        "username": "Simran121143"
    },
    "GL-LF77QTCN": {
        "user_id": 1702511554,
        "username": "Bagab4452"
    },
    "GL-CVSE92DZ": {
        "user_id": 6214086128,
        "username": "Your_friend_trusted"
    },
    "GL-T5FW6Y9Q": {
        "user_id": 6416481890,
        "username": "Gudumanhu"
    },
    "GL-7Z1JHOEZ": {
        "user_id": 6550349412,
        "username": "Gupta1242"
    }
}