{
    "6416481890": [
        "\ud83d\udecd Shein \u20b9 : CODE1",
        "\ud83c\udf9f Golden Lottery Ticket : GL-F2CH8VF1",
        "\ud83c\udf9f Golden Lottery Ticket : GL-T5FW6Y9Q"
    ],
    "7670738203": [
        "\ud83c\udf9f Golden Lottery Ticket : GL-DYR93QOY"
    ],
    "1702511554": [
        "\ud83c\udf9f Golden Lottery Ticket : GL-LF77QTCN"
    ],
    "6214086128": [
        "\ud83c\udf9f Golden Lottery Ticket : GL-CVSE92DZ"
    ],
    "6550349412": [
        "\ud83c\udf9f Golden Lottery Ticket : GL-7Z1JHOEZ"
    ]
}